COMMENT_ID,AUTHOR,DATE,CONTENT,label,Predicted_Prob,Predicted_Label
z12lg1vizrmsgxm3q23oij4aqrjxjdd1p,Holly,2014-11-06T13:41:30,Follow me on Twitter @mscalifornia95Ôªø,1,0.7955770918517461,0
z13qyxk5tzq1e5asx22xjt3wdq3ns32f5,Ameenk Chanel,2014-11-14T11:50:02,Free my apps get 1m crdits ! Just click on the link and download a app and  done!! ¬∑ Link: https://m.freemyapps.com/share/url/5af506e1Ôªø,1,0.7791619953242331,0
z12ig3jrnlfvsthaa04chjkrply5zligbdg,Aaa Aaa,2014-11-12T05:46:27,PLEASE SUBSCRIBE ME!!!!!!!!!!!!!!!!!!!!!!!!!!!!!!!!!!!!!!!!!!!!!!!!!!!!Ôªø,1,0.8074380947920146,1
z130i3yaexrmtxyic04ccnk5hwvfs33as0c,Alucard Hellsing,2014-11-07T22:21:29,What Can i say....This Song He Just Change The World Completely... So good job PSY... (and your girls are awesome :))) )Ôªø,0,0.4860092918617837,0
z12yinh5ks2oinqzn04cctkgvvrohbrazvo0k,Rancy Gaming,2014-11-06T09:41:07,What free gift cards? Go here  http://www.swagbucks.com/p/register?rb=13017194Ôªø,1,0.7839148279371314,0
z12qfjubxk2iftnwk04chp5amsmmuvpwh5w,FaceTheFacts,2014-11-08T07:07:44,You know a song sucks dick when you need to use google translate to know  what the fuck its saying!Ôªø,0,0.3956458977615516,0
z13xwborhli2vdrab04chblgxvjattz4ezs0k,Luna Gamer Potter,2014-11-09T02:42:40, I hate this song! Ôªø,0,0.17614204364637107,0
z13wj1pgwlfjjjn4d04cilo5nwnhsbdavzg0k,Tee Tee,2014-11-07T20:16:51,Loool nice song funny how no one understands (me) and we love itÔªø,0,0.44164311496625447,0
z13nw3lhgt2nf5wwe04cdlx5iyaydznrve0,Wert Walleet,2014-11-08T09:15:22,"This song is great there are 2,127,315,950 views wowÔªø",0,0.17106413095660902,0
z122dfb5htjxgpbot04cdj1aikatybbjsb0,Kitts Hausman,2014-11-07T04:48:01,It's so funny it's awesomeness lol aaaaaaa sexy ladaüòÇÔªø,0,0.19735737167816858,0
z12tcdxa5k3bsvtqh04ccnaqusj1vvfju3s,Salim Tayara,2014-11-02T14:33:30,"if your like drones, plz subscribe to Kamal Tayara. He takes videos with  his drone that are absolutely beautiful.Ôªø",1,0.49229489511469016,0
z12jc1uququpzbsoq04cg15poyfsxpvoojw,pro stomper,2014-11-05T15:27:34,guys please subscribe me to help my channel grow please guysÔªø,1,0.8160553963671208,1
z13udh04hqjeyney404cgloh0vbegbmgvq40k,fad lad,2014-11-06T18:24:19,http://www.amazon.co.uk/gp/offer-listing/B00ECVF93G/sr=8-2/qid=1415297812/ref=olp_tab_refurbished?ie=UTF8&amp;condition=refurbished&amp;qid=1415297812&amp;sr=8-2 Ôªø,1,0.777945361424829,0
z12kuncrps35wp1l0220s3t4ym32dtpin04,Aleksaivan Neidert,2014-11-05T15:35:49,PSY - GANGNAM STYLE (Í∞ïÎÇ®Ïä§ÌÉÄÏùº) M/V: http://youtu.be/9bZkp7q19f0Ôªø,0,0.2072452288547247,0
z12nejhigtr0tdvy504cgfcrhzvycxzin0k,Detroit Red Wings,2014-11-06T20:55:09,http://www.gofundme.com/gvr7xgÔªø,1,0.8442827765193796,1
z13ce52jzwfitrkup23din4ojputijen3,Eugene Kalinin,2014-01-19T19:21:04,"The projects After Effects, Music, Foto, Web sites and another you can find  and buy here  http://audiojungle.net/user/EugeneKalinin/portfolio?ref=EugeneKalininÔªø",1,0.541079387805927,0
z13uhbtohvm4yxq0d22lvbyx3ratct1ju04,Navin Surya,2014-11-08T11:42:57,Please help me go to college guys! Thanks from the bottom of my heart.  https://www.indiegogo.com/projects/i-want-to-go-to-college--19/x/9082175Ôªø,1,0.7847259394063494,0
z123e1gg3zyuf30ox04cdtbzgmaby3ehjc0,Lucas Trigo,2014-11-02T15:52:22,"WHATS UP EVERYONE!? :-) I Trying To Showcase My Talent To The World! I Have Over 3000 SUBSCRIBERS! I PROMISE! I Dont Suck! Please Spread My Covers Around, SUBSCRIBE &amp; Share! Thanks so much for all your support! Lucas Trigo -Stay Awesome! Ôªø",1,0.7806291703686171,0
z12gv5qoconqsbe0h221wljgmwe4v1nmu,ProsGamerOnly,2014-01-20T20:00:55,hi guys check my youtube channelÔªø,1,0.7754541902385775,0
z13mzp44ul21sdqcj22sgriokxyuy5det,tom hawksbee,2014-11-05T07:49:21,It is 0 zeroÔªø,0,0.1746034176947011,0
z12ffbi4hyauctqeg22livra0kzjcjffv,Eddie Murphy,2014-11-07T22:19:03,LOL this shit never gets oldÔªø,0,0.15991612852968268,0
z12ktfsarrv0wdj3p22ifbxz3zn2fthhw04,Dave X,2014-01-20T10:12:07,....subscribe......  ......to my........  .....channel.......Ôªø,1,0.8215363242960696,1
z12uwhfpwnfrepmhg04ccx2ioxqzip4o0xw0k,VIP 2NEXO,2014-11-07T02:02:02,OPPA GANGNAM STYLE!!!Ôªø,0,0.1752016846249084,0
z12duvqj2ozihjxzr04cffmhekeyzbkql20,Arrestme11,2014-11-08T06:50:39,How stupid humanity isÔªø,0,0.16735465963472781,0
z12xxjkwevvjzvvms22xz3sjqovty3qip04,Prim N.,2014-11-02T22:48:21,"Just coming to check if people are still viewing this video. And  apparently, they still do.Ôªø",0,0.2776940740859953,0
LZQPQhLyRh9y57URF7qpZRk3MVAJNLNhhZga_5YWBU8,Living4Techno,2013-12-25T19:46:26,marketglory . com/strategygame/andrijamatf earn real money from game,1,0.6703458944983126,0
z13wtr2yssezhdaqa04cjvbody3qwjhpwk00k,Kirill Nazarethian,2014-11-07T22:59:37,2:05. Hahahahah Ôªø,0,0.1907369720183599,0
z12avveb4xqiirsix04chxviiljryduwxg0,BeBe Burkey,2013-11-28T16:30:13,and u should.d check my channel and tell me what I should do next!Ôªø,1,0.7587787054127596,0
z13xslra3myri3jsn22hs1wxbyuvxplr004,Arianna Leighton,2014-11-03T23:02:47,"Does anyone here use gift cards like Amazon, itunes, psn, google play,  itunes, or any other gift cards? Then you'll be happy to know you can get  free gift card codes for free from an amazing site. Here is a $50 itunes  gift card code XXBB5TCZHM39HVZDÔªø",1,0.7473984830059487,0
z12mx3zj3pqigd3nb23xtpzwnriczf0zo04,Starfire003,2014-11-07T12:58:57,OMG 2/7 People watched this video because there are 7 billion people in the  world and 2 billion watched thisÔªø,0,0.13885628470475445,0
z12dgxdpbsjvsj1lv22vhn3ypsynh3gq204,zakaia ziko,2014-11-08T11:00:19,follower please https://www.facebook.com/lists/161620527267482Ôªø,1,0.8474093152267331,1
z120wncjevujt1aju04cff4b1yfcvhrbpis,Goran Theboss,2014-11-06T23:16:52,https://www.surveymonkey.com/s/CVHMKLTÔªø,1,0.8468483639149804,1
z12ohdxjtsatvppjb04cctprprb1slnxdf4,OutrightIgnite,2013-12-01T03:30:55,Show your AUBURN PRIDE HERE: http://www.teespring.com/tigermeathoodieÔªø,1,0.6853731908149339,0
z12rsjsiimjkjfkwt04ccbgosvrbgxupxu00k,Norman Reid,2014-11-05T08:12:06,Mix - PSY - GANGNAM STYLE (Í∞ïÎÇ®Ïä§ÌÉÄÏùº) M/V: PSY - GANGNAM STYLE (Í∞ïÎÇ®Ïä§ÌÉÄÏùº) M/VÔªø,0,0.15211309347567717,0
z12dcrdpiky1w3oia04chrvgxpmuzjv4gcw,Tedi Foto,2014-11-08T09:33:30,What my gangnam styleÔªø,0,0.4070828201186664,0
z13hxl3yoqmlvdlnu23atlqgsoyevlsse,Artsi,2014-01-20T18:52:12,Pls follow this channel!! http://www.twitch.tv/sevadusÔªø,1,0.7651815374095537,0
z13vsbcjwrybe3hsf23sgvnxfr3zxnion04,World327RS,2014-01-20T06:16:28,SUBSCRIBE TO ME AND I'LL SUBSCRIBE TO YOU! (Must like - cZFcxsn0jnQ) Ôªø,1,0.8345166257526572,1
z120y3ribybzdf3fj23sf1rpgq3cex0sh,Young Hittaz,2014-01-19T04:21:11,everyone please come check our newest song in memories of Martin Luther  King Jr.Ôªø,1,0.571540409083587,0
z12lsp3pnmqlirwwk04cepijkvrustgbcgs,Isuzu,2014-11-07T16:38:47,P E A C E  &amp;  L O V E  ! !Ôªø,0,0.38375372461690965,0
z12kw53jipujdzqex22qt5vxtoyde3cwg04,Itss Synco,2014-11-11T22:37:23,"COME AND CHECK OUT MY NEW YOUTUBE CHHANEL, GOING TO BE POSTING DAILY!Ôªø",1,0.7785939469970043,0
z13oyfkydl30exyip04cejozdtahgvx44ao,Pat M,2014-11-05T00:21:29,gofundme.com/grwmpsÔªø,1,0.6979518616700263,0
z13vs53zipmszf1ib04cerd5xlmzdz5qlzw0k,Minecraft-Viasat,2014-11-03T14:38:53,Check my channelÔªø,1,0.8180597384061957,1
z13uud25otb0ird2h230chu54neyehsbg04,Tofik Miedzy≈Ñ,2014-11-13T21:48:26,https://www.facebook.com/tofikmiedzynB/photos/a.1496273723978022.1073741828.1496241863981208/1498561870415874/?type=1&amp;theater Ôªø,1,0.8534812197003748,1
LZQPQhLyRh9-wNRtlZDM90f1k0BrdVdJyN_YsaSwfxc,Jason Haddad,2013-11-26T02:55:11,"Hey, check out my new website!! This site is about kids stuff. kidsmediausa  . com",1,0.7585457886766753,0
z125vpqb2rb1jbxun234evvr1patybvww04,TheRogueScorpion,2014-11-08T02:45:12,MANY MEMORIES...........Ôªø,0,0.3087217871568937,0
z13hubqrnwquen2gu04cdbbx4rqgxxcwvo00k,Giang Nguyen,2014-11-06T04:55:41,https://www.facebook.com/teeLaLaLaÔªø,1,0.8494445398775521,1
z13eepr4dyjet34pt04cgr1rctvwsvqwqso0k,JP Jochem,2014-01-20T20:23:35,Subscribe and like to me for more how to videos on minecraft!Ôªø,1,0.7874548991696696,0
z12ztdojvxyhy3bpc04cf34jnnrnfpuyj1c,Harrys Edits,2014-11-08T10:05:40,if i reach 100 subscribers i will go round in public pouring a bucket of  ice water over people and then running away acting like it wasn't me! like  so people can see!!Ôªø,1,0.6671903500957864,0
z12lubwrvv35zpzub23ywxbbiuawjbalc,Ariel Baptista,2014-11-02T05:06:46,http://www.ebay.com/itm/131338190916?ssPageName=STRK:MESELX:IT&amp;_trksid=p3984.m1555.l2649 Ôªø,1,0.8371677442716514,1
z13ycvc43ynaerptk235dhnwnqf1hdhwl04,Patrick Pernia,2014-11-12T14:17:28,Limit sun exposure while driving. Eliminate the hassle of having to swing  the car visor between the windshield and window.  https://www.kickstarter.com/projects/733634264/visortwinÔªø,1,0.6106429571794272,0
z12ozx4w5mytupefv23vvxdroqehuvbvv,MrValentinique,2014-11-13T22:33:31,https://www.facebook.com/eeccon/posts/733949243353321?comment_id=734237113324534&amp;offset=0&amp;total_comments=74   please like frigea marius gabriel comment :DÔªø,1,0.8454061101274887,1
z13jhp0bxqncu512g22wvzkasxmvvzjaz04,ElNino Melendez,2013-11-09T08:28:43,me shaking my sexy ass on my channel enjoy ^_^ Ôªø,1,0.7693228967202939,0
z13sgnbzkwjqhhd5004cfzaheobvzbuopyg0k,Kaiser Dragon,2014-11-04T18:09:18,This is a weird video.Ôªø,0,0.16228337071781543,0
z13etzhwwvzye1oav04cehnitxf5cx2xkts0k,Monster Sifou,2014-11-04T18:30:39,8 million likes xD even the subscribers not 8 million xDÔªø,0,0.20455016799857217,0
z12jy1tw0unnhhdnh23yyvyhjsnljxhf4,Gio D.,2014-11-07T23:23:54,"Dumb Guy: Why is there 2 billion views when there are 7 million people on  earth??? Also, I know what 1+1 equals! 1+1=1! I am a smartie pantsÔªø",0,0.1301736463894592,0
z13jhnc5bozpyx01123nz5ky5yjksrdzm04,restlesswikiinfo,2014-11-08T10:03:32,"If I knew Korean, this would be even funnier. At least a bit at the end was  in English, but was spoken quite rapidly.Ôªø",0,0.16924954436414139,0
z121znjjloycwtjf2233dfo5esfggn3lj,crestpee,2014-01-20T13:03:12,"now its 1,884,034,783 views! pls. comment the view count the next hour :PÔªø",0,0.15348981862139763,0
z13cc1abmqz5cjpkc223ybzavyibznjey,Ï†ÑÍ¥ëÏö©,2014-11-07T15:14:48,Fantastic!Ôªø,0,0.19417011015045524,0
z124fn5ahqnfdbxtg23ihlijyqjqtr1lk,Oh 1080s,2014-11-02T01:08:10,Sub my channel!Ôªø,1,0.821215005658634,1
z13cyzbbqsrxyfaec23xc10rdrrqgd0ch,Malin Linford,2014-11-05T01:13:43,"Hey guys please check out my new Google+ page it has many funny pictures,  FunnyTortsPics  https://plus.google.com/112720997191206369631/postÔªø",1,0.8099666730958138,1
z121hjrymmf2jh4rf04cjrybiyfotjmof1g,Jackal James,2014-11-06T22:53:08,https://soundcloud.com/jackal-and-james/wrap-up-the-nightÔªø,1,0.6579635837775691,0
z121e3zq5kj3ip2ch22ks3vwekuaibrgc04,Joengz,2014-01-19T10:31:10,"Check out my dubstep song ""Fireball"", made with Fruity Loops. I really took  time in it.  /watch?v=telOA6RIO8oÔªø",1,0.7370485602693044,0
z121cnnzhsybzjkt122nsviacsekvvt1r,Master Chief,2014-01-21T03:16:46,when is this gonna hit 2 billion?Ôªø,0,0.1232801192343671,0
z12vvnza4rq5tvzou04cgxeookraexq5opo0k,Ghazi Rizvi,2014-11-13T23:02:09,"http://www.bing.com/explore/rewards?PUBL=REFERAFRIEND&amp;CREA=RAW&amp;rrid=_0f9fa8aa-243a-5c2f-c349-ede05ea397ca Bing rewards, earn free money. AND NO U CANT GET UR VIRUS IN BLUE!Ôªø",1,0.8233439648206278,1
z13gsp34uumcdje4q04civk54zr4wr0gxjc,Lucky D.,2014-11-02T14:53:06,http://hackfbaccountlive.com/?ref=4604617Ôªø,1,0.8170037340967737,1
z132v5iajkjuhfkyn04cg3mxclnnzj0yxmo0k,richardex8,2014-11-03T23:03:03,Why does this video have so many views? Because asian things are awesome and non-asian countries are jelly so they  try to learn from asia by looking at this video d:Ôªø,0,0.267563819162484,0
z13neh044nq2wn0o404citkh2taufzqxuz40k,Mason Sieverding,2014-11-07T01:50:10,Please check out my vidiosÔªø,1,0.814895177723808,1
z12yu11xyumitzpho04cix1y3zn3ijrpcm40k,Chinsoman Films,2014-11-07T01:22:02,Please subscribe to meÔªø,1,0.8228581599389201,1
z13mc51qfqeozdpun23kgri5kzjnjpitj,Callum Barr,2014-11-07T13:49:41,Subscribe to me plz plz plz plz plz plZ Ôªø,1,0.6320235856840972,0
z12usr54ppaxxf1dl23nhbybruapdnixw04,Arthur Teixeira,2014-11-12T20:12:47,"I wanted to know the name of the guy that dances at 00:58, anybody knows ?Ôªø",0,0.14040063972649633,0
