video_id,title,description,channel_id,channel_title,publish_time,tags,category_id,thumbnail_url,thumbnail,view_count,like_count,comment_count,duration,definition,caption_status,title_clean,description_clean,label
hz8tSgGqAnM,Trump'ƒ±n T√ºrkiye Seyahati Net Deƒüil! #CANLI,"HABER | Son Dakika Haber ve G√ºncel Haberleri ƒ∞lk Bilen Siz Olun...

CNN T√úRK YOUTUBE KANALINA ABONE OL ‚û§ https://bit.ly/2LzuZ1H

CNN T√úRK Canlƒ± Yayƒ±n ƒ∞√ßin Tƒ±kla ‚û§ https://buff.ly/4flNvsU  | CANLI HABER

‚û§T√úM PROGRAM ƒ∞√áERƒ∞KLERƒ∞ ƒ∞√áƒ∞N: https://www.cnnturk.com/tv
‚û§http://twitter.com/cnnturk
‚û§https://twitter.com/cnnturkprogram
‚û§https://www.facebook.com/cnnturk
‚û§https://www.facebook.com/cnnturkprogramlar
‚û§https://www.instagram.com/cnnturk
‚û§http://youtube.com/cnnturk
‚û§Google News: https://buff.ly/47rtuxi

7 g√ºn 24 saat haber canlƒ± yayƒ±nla size ula≈üƒ±yor! CNN T√úRK YouTube kanalƒ±na abone olarak son dakika haberlerini ilk siz √∂ƒürenin! En son haberler, g√ºncel geli≈ümeler ve uzman yorumcularƒ±n haber analizleri CNN T√úRK ekranƒ±nda canlƒ± yayƒ±n ile izleyicisiyle bulu≈üuyor. Sahadan haberler ve tartƒ±≈üma programlarƒ± ile zirveyi bƒ±rakmayan CNN T√úRK'√ºn YouTube kanalƒ±na hemen abone olabilirsiniz. 

#Haber
#Sondakika
#canli 
#canlƒ±yayƒ±n",UCV6zcRug6Hqp1UX_FdyUeBg,CNN T√úRK,2025-04-11T18:39:36Z,"['haber', 'haberler', 'son dakika', 'son dakika haberleri', 'g√ºndem', 'cnn t√ºrk', 'cnn t√ºrk canlƒ±', 'canlƒ± yayƒ±n', 'cnn', 'canlƒ± haber', 'haber izle', 'son dakika haber', 'canlƒ± tv', 'tv izle', 'canlƒ± izle', 'haber canlƒ±', 'son haberler', 'canlƒ± tv izle', 'tv izle canlƒ±', 'trump', 'erdoƒüan', 'abd', 't√ºrkiye', 'abd t√ºrkiye', 'trump t√ºrkiye']",25,https://i.ytimg.com/vi/hz8tSgGqAnM/hqdefault_live.jpg,"<img src=""https://i.ytimg.com/vi/hz8tSgGqAnM/hqdefault_live.jpg"" width=""160""/>",3564,41,0,P0D,sd,false,trumpn trkiye seyahati net deil canli,haber  son dakika haber ve gncel haberleri lk bilen siz oluncnn trk youtube kanalina abone ol  cnn trk canl yayn in tkla     canli habertm program erkler n google news 7 gn 24 saat haber canl yaynla size ulayor cnn trk youtube kanalna abone olarak son dakika haberlerini ilk siz renin en son haberler gncel gelimeler ve uzman yorumcularn haber analizleri cnn trk ekrannda canl yayn ile izleyicisiyle buluuyor sahadan haberler ve tartma programlar ile zirveyi brakmayan cnn trkn youtube kanalna hemen abone olabilirsiniz habersondakikacanli canlyayn,0
Q-kRAaEcLs8,Everyday Radioactive Things,,UChC_apOWk6MSl03byUiVZRQ,Thomas Mulligan,2025-04-09T14:00:35Z,[],28,https://i.ytimg.com/vi/Q-kRAaEcLs8/hqdefault.jpg,"<img src=""https://i.ytimg.com/vi/Q-kRAaEcLs8/hqdefault.jpg"" width=""160""/>",847766,41760,683,PT53S,hd,false,everyday radioactive things,,0
4z8S8Uz2VU4,Trump is making showers great again,#benshapiro #news #politics #trump #shower,UCnQC_G5Xsjhp9fEJKuIcrSw,Ben Shapiro,2025-04-10T19:00:05Z,"['ben shapiro', 'ben shapiro debate', 'ben shapiro best moments', 'ben shapiro reacts', 'ben shapiro transgenderism debate', 'ben shapiro jubilee', 'ben shapiro reacts to tiktok', 'ben shapiro reviews', 'ben shapiro debate with students', 'ben shapiro wicked', 'the ben shapiro show', 'ben shapiro show', 'ben shapiro interview', 'daily wire', 'ben shapiro destiny', 'ben shapiro sam harris', 'ben shapiro review', 'ben shapiro barbie', 'ben shapiro debate best moments', 'conservative', 'politics', 'trump', 'donald trump']",25,https://i.ytimg.com/vi/4z8S8Uz2VU4/hqdefault.jpg,"<img src=""https://i.ytimg.com/vi/4z8S8Uz2VU4/hqdefault.jpg"" width=""160""/>",215144,8581,335,PT38S,hd,false,trump is making showers great again,benshapiro news politics trump shower,0
eRYUUJdtmro,Why Dead People Can‚Äôt Unlock Phones ü§î,,UCvz84_Q0BbvZThy75mbd-Dg,Zack D. Films,2025-04-08T17:30:07Z,[],19,https://i.ytimg.com/vi/eRYUUJdtmro/hqdefault.jpg,"<img src=""https://i.ytimg.com/vi/eRYUUJdtmro/hqdefault.jpg"" width=""160""/>",10099203,451224,3909,PT28S,hd,false,why dead people cant unlock phones ,,0
PsX0TsqZ_wM,No Way To Change Her Mind...,"I'll teach you how to become the media's go-to expert in your field. Enroll in The Professional's Media Academy now: https://www.professionalsmediaacademy.com/

Listen to my podcast, The Checkup with Doctor Mike, here:
Spotify: https://go.doctormikemedia.com/spotify/CheckUpSpotify
Apple Podcasts: https://go.doctormikemedia.com/applepodcast/ApplePodcasts

Thanks to @jubilee and @opusclip .

Help us continue the fight against medical misinformation and change the world through charity by becoming a Doctor Mike Resident on Patreon where every month I donate 100% of the proceeds to the charity, organization, or cause of your choice! Residents get access to bonus content, an exclusive discord community, and many other perks for just $10 a month. Become a Resident today:

https://www.patreon.com/doctormike

Let‚Äôs connect:

IG: https://go.doctormikemedia.com/instagram/DMinstagram
Twitter: https://go.doctormikemedia.com/twitter/DMTwitter
FB: https://go.doctormikemedia.com/facebook/DMFacebook
TikTok: https://go.doctormikemedia.com/tiktok/DMTikTok
Reddit: https://go.doctormikemedia.com/reddit/DMReddit

Contact Email: DoctorMikeMedia@Gmail.com
Executive Producer: Doctor Mike
Production Director and Editor: Dan Owens
Managing Editor and Producer: Sam Bowers
Editor and Designer: Caroline Weigum
Editor: Juan Carlos Zuniga

* Select photos/videos provided by Getty Images *

** The information in this video is not intended nor implied to be a substitute for professional medical advice, diagnosis or treatment. All content, including text, graphics, images, and information, contained in this video is for general information purposes only and does not replace a consultation with your own doctor/health professional **",UC0QHWhjbe5fGJEPz3sVb6nw,Doctor Mike,2025-04-10T16:11:09Z,"['doctor mike', 'dr mike', 'drmike', 'dr. mike', 'mikhail varshavski', 'doctor mikhail varshavski', 'mike varshavski', 'doctor reacts', 'jubilee', 'surrounded', 'vax', 'vaccine', 'vax debate', 'vaccines', 'covid-19', 'polio', 'measles', 'unvaccinated', 'anti vax', 'anti-vax', 'antivaxxer', 'anti-vaxxer', 'autism', 'vaccine autism']",27,https://i.ytimg.com/vi/PsX0TsqZ_wM/hqdefault.jpg,"<img src=""https://i.ytimg.com/vi/PsX0TsqZ_wM/hqdefault.jpg"" width=""160""/>",1137837,30754,1681,PT33S,hd,false,no way to change her mind,ill teach you how to become the medias goto expert in your field enroll in the professionals media academy now listen to my podcast the checkup with doctor mike herespotify apple podcasts thanks to jubilee and opusclip help us continue the fight against medical misinformation and change the world through charity by becoming a doctor mike resident on patreon where every month i donate 100 of the proceeds to the charity organization or cause of your choice residents get access to bonus content an exclusive discord community and many other perks for just 10 a month become a resident todaylets connectig twitter fb tiktok reddit contact email doctormikemediagmailcomexecutive producer doctor mikeproduction director and editor dan owensmanaging editor and producer sam bowerseditor and designer caroline weigumeditor juan carlos zuniga select photosvideos provided by getty images  the information in this video is not intended nor implied to be a substitute for professional medical advice diagnosis or treatment all content including text graphics images and information contained in this video is for general information purposes only and does not replace a consultation with your own doctorhealth professional ,0
B-csADFHAAw,Private Parts,"From cult filmmaker Paul Bartel (""Eating Raoul,"" ""Scene from the Class Struggle in Beverly Hills"") comes this story about a young woman who winds her way through her wacky aunt's hotel filled with lackluster residents and a growing list of corpses.",UCO328ViM5uWXMZS8FI_NNkw,YouTube Movies,2013-10-10T11:19:56Z,[],30,https://i.ytimg.com/vi/B-csADFHAAw/hqdefault.jpg,"<img src=""https://i.ytimg.com/vi/B-csADFHAAw/hqdefault.jpg"" width=""160""/>",,17,3,PT1H25M52S,hd,true,private parts,from cult filmmaker paul bartel eating raoul scene from the class struggle in beverly hills comes this story about a young woman who winds her way through her wacky aunts hotel filled with lackluster residents and a growing list of corpses,0
yPweEMZv3oo,Shorthanded,"Against Cabe's advice, Team Scorpion heads to Las Vegas for a simple casino job, but a robbery leads to Walter's arrest and the rest of the team is left to clear his name.",UCpjYpyJsFHYK3pgxD3J8FIQ,Scorpion,2014-10-17T18:11:58Z,[],43,https://i.ytimg.com/vi/yPweEMZv3oo/hqdefault.jpg,"<img src=""https://i.ytimg.com/vi/yPweEMZv3oo/hqdefault.jpg"" width=""160""/>",,79,1,PT43M45S,hd,true,shorthanded,against cabes advice team scorpion heads to las vegas for a simple casino job but a robbery leads to walters arrest and the rest of the team is left to clear his name,1
M0ZFPyE-9ZU,Inter Miami Vs. LAFC Highlights | CONCACAF Champions Cup | FOX Soccer,"Check out Lionel Messi's Inter Miami facing off against LAFC in the CONCACAF Champions Cup!

#FOXSoccer #CONCACAF #Messi

SUBSCRIBE to get the latest FOX Soccer content: http://foxs.pt/SubscribeFOXSOCCER

The FOX Sports App, built for the modern sports fan: https://t.co/CRhWt4ryp3

About FOX Soccer:
With exclusive highlights, original programming, and behind the scenes footage, FOX Soccer‚Äôs YouTube channel provides the sports content that fans are hungry for. FOX Soccer presents: MLS, FIFA World Cup, FIFA Women‚Äôs World Cup, Copa America, Euros, Gold Cup and many more.

Inter Miami Vs. LAFC Highlights | CONCACAF Champions Cup | FOX Soccer
https://youtu.be/M0ZFPyE-9ZU 

FOX Soccer
https://www.youtube.com/user/Foxsoccer",UCooTLkxcpnTNx6vfOovfBFA,FOX Soccer,2025-04-10T02:56:24Z,"['Inter Miami', 'LAFC', 'Lionel Messi', 'CONCACAF', 'Soccer', 'soccer on fox', 'fox soccer', 'soccer highlights', 'sports highlights', 'fox sports highlights', 'highlights', 'fox', 'fox sports', 'fox sports 1', 'fs1', 'fox youtube', 'sports', 'sports news', 'sports debate', 'MLS', 'Major League Soccer', '2025 MLS Season', 'MLS talk', 'MLS news', 'MLS debate', 'soccer talk', 'soccer new', 'sports talk', 'soccer debate', 'goal', 'equalizer', 'Los Angeles Football Club']",17,https://i.ytimg.com/vi/M0ZFPyE-9ZU/hqdefault.jpg,"<img src=""https://i.ytimg.com/vi/M0ZFPyE-9ZU/hqdefault.jpg"" width=""160""/>",1162483,27806,2033,PT5M6S,hd,false,inter miami vs lafc highlights  concacaf champions cup  fox soccer,check out lionel messis inter miami facing off against lafc in the concacaf champions cupfoxsoccer concacaf messisubscribe to get the latest fox soccer content the fox sports app built for the modern sports fan about fox soccerwith exclusive highlights original programming and behind the scenes footage fox soccers youtube channel provides the sports content that fans are hungry for fox soccer presents mls fifa world cup fifa womens world cup copa america euros gold cup and many moreinter miami vs lafc highlights  concacaf champions cup  fox soccer fox soccer,0
4cCzuTQ49V8,"Quavo, Lil Baby - Legends","Music video by Quavo, Lil Baby performing Legends.¬© 2025 Quality Control Music, LLC, under exclusive license to UMG Recordings, Inc.",UCBBS37qiiYHkMBA42LgDmOg,QuavoVEVO,2025-04-11T04:00:10Z,"['Quavo', 'Lil Baby', 'Quality Control Music/Motown Records', 'Hip Hop']",10,https://i.ytimg.com/vi/4cCzuTQ49V8/hqdefault.jpg,"<img src=""https://i.ytimg.com/vi/4cCzuTQ49V8/hqdefault.jpg"" width=""160""/>",288650,28687,4372,PT3M1S,hd,true,quavo lil baby  legends,music video by quavo lil baby performing legends 2025 quality control music llc under exclusive license to umg recordings inc,0
4pTfKUNOwTU,The River Guard,"Crime writer Sean Flynn returns home to the south to spend time with his family but things take a turn for the worse once authorities decide to reopen an old murder case that ended his father‚Äôs successful political career. Set on uncovering the truth, Sean must confront the demons that have haunted his family in the past. As the trial unfolds, he realizes that nothing about the case is what it seems.",UCKQa1QoBsifL5lcoxE5TJYw,YouTube Movies,2016-07-12T04:03:53Z,[],30,https://i.ytimg.com/vi/4pTfKUNOwTU/hqdefault.jpg,"<img src=""https://i.ytimg.com/vi/4pTfKUNOwTU/hqdefault.jpg"" width=""160""/>",,8,0,PT1H37M43S,hd,true,the river guard,crime writer sean flynn returns home to the south to spend time with his family but things take a turn for the worse once authorities decide to reopen an old murder case that ended his fathers successful political career set on uncovering the truth sean must confront the demons that have haunted his family in the past as the trial unfolds he realizes that nothing about the case is what it seems,1
xSm4pLJjZMM,Trump Puts 90-Day Pause on Reciprocal Tariffs But Doubles Down on China | The Daily Show,"Desi Lydic tracks Trump's ""Tariff Day"" roller coaster ride, from his shock announcement of a 90-day pause on reciprocal tariffs, to slapping even more tariffs on China. Plus, Olivia Munn explains how Trump's tariff chaos is all just brushstrokes in the art of his deal. #DailyShow #DesiLydic #OliviaMunn #Tariffs

0:00 - Trump's Tariff Day Arrives
0:55 - Other Countries Join in on Reciprocal Tariffs
1:51 - GOP Doubles Down, Tariffs are Not a Negotiation
2:20 - President Announces 90-Day Pause on Some Tariffs
5:13 - Trump Stands Behind Decision
5:50 - Olivia Munn Chimes in on Trump's Tariff Stategy

Subscribe to The Daily Show:
https://www.youtube.com/channel/UCwWhs_6x42TyRM4Wstoq8HA/?sub_confirmation=1 

Follow The Daily Show:
Twitter: https://twitter.com/TheDailyShow
Facebook: https://www.facebook.com/thedailyshow
Instagram: https://www.instagram.com/thedailyshow

Stream full episodes of The Daily Show on Paramount+: http://www.paramountplus.com/thedailyshow

Follow Comedy Central:
Twitter: https://twitter.com/ComedyCentral
Facebook: https://www.facebook.com/ComedyCentral
Instagram: https://www.instagram.com/comedycentral

About The Daily Show:
Jon Stewart and The Best F**king News Team host The Daily Show, an Emmy and Peabody Award-winning program analyzing the biggest stories in news, politics, and culture through a sharp, satirical lens. The Daily Show redefined the late night show category on TV and, with an audience of over 51M across social media platforms, has become a launching pad for some of the biggest stars in entertainment. 

The Daily Show airs weeknights at 11/10c on Comedy Central.",UCwWhs_6x42TyRM4Wstoq8HA,The Daily Show,2025-04-10T02:01:08Z,"['the daily show', 'the daily show episodes', 'comedy central', 'comedians', 'comedian', 'funny video', 'comedy videos', 'funny clips', 'daily show', 'news', 'politics', 'headlines', 'desi lydic', 'trump', 'tariffs', 'tariff day', 'trade war', 'china', 'olivia munn', 'art of the deal']",23,https://i.ytimg.com/vi/xSm4pLJjZMM/hqdefault.jpg,"<img src=""https://i.ytimg.com/vi/xSm4pLJjZMM/hqdefault.jpg"" width=""160""/>",2125115,52218,3902,PT9M21S,hd,true,trump puts 90day pause on reciprocal tariffs but doubles down on china  the daily show,desi lydic tracks trumps tariff day roller coaster ride from his shock announcement of a 90day pause on reciprocal tariffs to slapping even more tariffs on china plus olivia munn explains how trumps tariff chaos is all just brushstrokes in the art of his deal dailyshow desilydic oliviamunn tariffs000  trumps tariff day arrives055  other countries join in on reciprocal tariffs151  gop doubles down tariffs are not a negotiation220  president announces 90day pause on some tariffs513  trump stands behind decision550  olivia munn chimes in on trumps tariff stategysubscribe to the daily show follow the daily showtwitter facebook instagram stream full episodes of the daily show on paramount follow comedy centraltwitter facebook instagram about the daily showjon stewart and the best fking news team host the daily show an emmy and peabody awardwinning program analyzing the biggest stories in news politics and culture through a sharp satirical lens the daily show redefined the late night show category on tv and with an audience of over 51m across social media platforms has become a launching pad for some of the biggest stars in entertainment the daily show airs weeknights at 1110c on comedy central,0
fyNLgoMlWcs,From Backhoe Struggles to Crane Excavator Success,,UCUEzfzqf2fx3C1vs0MlgShA,Edison Motors,2025-04-09T23:58:07Z,[],2,https://i.ytimg.com/vi/fyNLgoMlWcs/hqdefault.jpg,"<img src=""https://i.ytimg.com/vi/fyNLgoMlWcs/hqdefault.jpg"" width=""160""/>",241160,11984,304,PT1M,hd,false,from backhoe struggles to crane excavator success,,0
cSh2CawXX-w,BREAKING: White House says 15+ trade deal offers on the table,"Fox News senior White House correspondent Peter Doocy provides details on the reaction to President Donald Trump's 90-day pause on most global tariffs and 125% tariff on China. National Economic Council Director Kevin Hassett weighs in. #FoxNews #tariffs #trade #trump #China

Subscribe to Fox News! https://bit.ly/2vBUvAS
Watch more Fox News Video: http://video.foxnews.com
Watch Fox News Channel Live: http://www.foxnewsgo.com/

FOX News Channel (FNC) is a 24-hour all-encompassing news service delivering breaking news as well as political and business news. The number one network in cable, FNC has been the most-watched television news channel for 18 consecutive years. According to a 2020 Brand Keys Consumer Loyalty Engagement Index report, FOX News is the top brand in the country for morning and evening news coverage. A 2019 Suffolk University poll named FOX News as the most trusted source for television news or commentary, while a 2019 Brand Keys Emotion Engagement Analysis survey found that FOX News was the most trusted cable news brand. A 2017 Gallup/Knight Foundation survey also found that among Americans who could name an objective news source, FOX News was the top-cited outlet. Owned by FOX Corporation, FNC is available in nearly 90 million homes and dominates the cable news landscape, routinely notching the top ten programs in the genre.

Watch full episodes of your favorite shows
The Five: https://www.foxnews.com/video/shows/the-five
Special Report with Bret Baier: https://www.foxnews.com/video/shows/special-report
Jesse Watters Primetime: https://www.foxnews.com/video/shows/jesse-watters-primetime
Hannity: https://www.foxnews.com/video/shows/hannity
The Ingraham Angle: https://www.foxnews.com/video/shows/ingraham-angle
Gutfeld!: https://www.foxnews.com/video/shows/gutfeld
Fox News @ Night: https://www.foxnews.com/video/shows/fox-news-night

Follow Fox News on Facebook: https://www.facebook.com/FoxNews/
Follow Fox News on Twitter: https://twitter.com/FoxNews/
Follow Fox News on Instagram: https://www.instagram.com/foxnews/",UCXIJgqnII2ZOINSWNOGFThA,Fox News,2025-04-10T13:45:06Z,"['Fox News Channel', 'FNC', 'Fox News', 'News', 'Fox', 'Fox & Friends', 'peter doocy', 'peter doocy white house', 'peter doocy fox news', 'hassett', 'kevin hassett', 'trade', 'trade deals', 'tariffs', 'trump tariffs', 'trump', 'donald trump', 'president trump', 'trump trade war', 'china', 'trump tariff war', 'trump china', 'tariffs on china', 'china tariffs', 'tariff pause', 'trump pauses tariffs', 'trump news', 'economy', 'trade war', 'china trade war', 'tariff news', 'trade negotiations', 'stocks', 'stock reaction', 'market reaction']",25,https://i.ytimg.com/vi/cSh2CawXX-w/hqdefault.jpg,"<img src=""https://i.ytimg.com/vi/cSh2CawXX-w/hqdefault.jpg"" width=""160""/>",559806,9255,3014,PT13M23S,hd,false,breaking white house says 15 trade deal offers on the table,fox news senior white house correspondent peter doocy provides details on the reaction to president donald trumps 90day pause on most global tariffs and 125 tariff on china national economic council director kevin hassett weighs in foxnews tariffs trade trump chinasubscribe to fox news watch more fox news video watch fox news channel live fox news channel fnc is a 24hour allencompassing news service delivering breaking news as well as political and business news the number one network in cable fnc has been the mostwatched television news channel for 18 consecutive years according to a 2020 brand keys consumer loyalty engagement index report fox news is the top brand in the country for morning and evening news coverage a 2019 suffolk university poll named fox news as the most trusted source for television news or commentary while a 2019 brand keys emotion engagement analysis survey found that fox news was the most trusted cable news brand a 2017 gallupknight foundation survey also found that among americans who could name an objective news source fox news was the topcited outlet owned by fox corporation fnc is available in nearly 90 million homes and dominates the cable news landscape routinely notching the top ten programs in the genrewatch full episodes of your favorite showsthe five special report with bret baier jesse watters primetime hannity the ingraham angle gutfeld fox news  night follow fox news on facebook follow fox news on twitter follow fox news on instagram ,0
LtS60iJGbt4,Emoji Telepathy Challenge üôàüß†,SUBSCRIBE,UC1a2ZCw7tugRZYRMnecNj3A,Celine Dept,2025-04-10T15:00:37Z,[],17,https://i.ytimg.com/vi/LtS60iJGbt4/hqdefault.jpg,"<img src=""https://i.ytimg.com/vi/LtS60iJGbt4/hqdefault.jpg"" width=""160""/>",2786070,52481,190,PT25S,hd,false,emoji telepathy challenge ,subscribe,0
z6Zcqx3WDNE,Street Fighter 6 - Elena Teaser Trailer,"With nature and wildlife at her side, Elena dances into Street Fighter 6 on June 5, the same day the Years 1-2 Fighters Edition arrives!

Like a meerkat, stay alert and keep an eye out on our channels for her gameplay trailer coming soon.

Elena can be purchased individually with Fighter Coins and the owners of the Year 2 Character Pass / Ultimate Pass will automatically get access to Elena when she releases.

Please note that depending on the timezone you reside in, Elena may release the day before on June 4 following server maintenance.

https://streetfighter.com/6/

#StreetFighter6 #SF6 #Elena #Capcom

Twitter: http://www.twitter.com/streetfighter
Discord: https://discord.gg/streetfighter
Instagram: https://www.instagram.com/streetfightergame/
Facebook: http://www.facebook.com/streetfighter
Twitch: http://www.twitch.tv/capcomfighters

¬©CAPCOM CO., LTD. ALL RIGHTS RESERVED.",UCVg9nCmmfIyP4QcGOnZZ9Qg,Street Fighter,2025-04-10T23:01:03Z,"['street', 'fighter', 'capcom', 'street fighter 6', 'elena']",20,https://i.ytimg.com/vi/z6Zcqx3WDNE/hqdefault.jpg,"<img src=""https://i.ytimg.com/vi/z6Zcqx3WDNE/hqdefault.jpg"" width=""160""/>",425778,23920,3269,PT1M24S,hd,false,street fighter 6  elena teaser trailer,with nature and wildlife at her side elena dances into street fighter 6 on june 5 the same day the years 12 fighters edition arriveslike a meerkat stay alert and keep an eye out on our channels for her gameplay trailer coming soonelena can be purchased individually with fighter coins and the owners of the year 2 character pass  ultimate pass will automatically get access to elena when she releasesplease note that depending on the timezone you reside in elena may release the day before on june 4 following server maintenancestreetfighter6 sf6 elena capcomtwitter discord instagram facebook twitch capcom co ltd all rights reserved,0
wHu42H8fiNc,Because this was me last year ‚ô•Ô∏è #postpartum #postpartumfitness,,UCnfKSOftPqGsVFNEHLlc6pg,Shrads,2025-04-10T13:50:43Z,[],22,https://i.ytimg.com/vi/wHu42H8fiNc/hqdefault.jpg,"<img src=""https://i.ytimg.com/vi/wHu42H8fiNc/hqdefault.jpg"" width=""160""/>",417105,10043,37,PT16S,hd,false,because this was me last year  postpartum postpartumfitness,,0
Jpvzx62amRY,You wont believe what she had in her PURSE #shorts,"Morgan Jay is checking purses at the show  #comedy #standup #viral #trending 

Comedy special out NOW! Click link to watch 
https://www.youtube.com/watch?v=Ts2wussx4Js

goofygang.com for MERCH!",UCeVkzeYJC4Z-SUde9UEJBwQ,Morgan Jay,2025-04-10T16:10:00Z,[],10,https://i.ytimg.com/vi/Jpvzx62amRY/hqdefault.jpg,"<img src=""https://i.ytimg.com/vi/Jpvzx62amRY/hqdefault.jpg"" width=""160""/>",2737049,175813,870,PT1M,hd,false,you wont believe what she had in her purse shorts,morgan jay is checking purses at the show  comedy standup viral trending comedy special out now click link to watch goofygangcom for merch,0
7uE5T01cF1c,"U.S.-China trade war escalates, Trump pushes Russia on Ukraine war conclusion, more | CBS News 24/7","Trade war escalates between U.S. and China as Chinese government announces 125% tariffs on U.S. goods; Day 2 of The Masters underway at Augusta National Golf Club in Georgia.

CBS News 24/7 is the premier anchored streaming news service from CBS News and Stations that is available free to everyone with access to the internet and is the destination for breaking news, live events, original reporting and storytelling, and programs from CBS News and Stations' top anchors and correspondents working locally, nationally and around the globe. It is available on more than 30 platforms across mobile, desktop and connected TVs for free, as well as CBSNews.com and Paramount+ and live in 91 countries.

Subscribe to the CBS News YouTube channel: https://youtube.com/cbsnews
Watch CBS News 24/7: https://cbsnews.com/live/
Download the CBS News app: https://cbsnews.com/mobile/
Follow CBS News on Instagram: https://instagram.com/cbsnews/
Like CBS News on Facebook: https://facebook.com/cbsnews
Follow CBS News on X: https://x.com/cbsnews
Subscribe to our newsletters: https://cbsnews.com/newsletters/
Try Paramount+ free: https://paramountplus.com/?ftag=PPM-05-10aeh8h

For video licensing inquiries, contact: licensing@veritone.com",UC8p1vwvWtl6T73JiExfWs1g,CBS News,2025-04-11T17:21:09Z,"['news', 'trade war', 'China', 'U.S.', 'tariffs', 'The Masters', 'Augusta']",25,https://i.ytimg.com/vi/7uE5T01cF1c/hqdefault.jpg,"<img src=""https://i.ytimg.com/vi/7uE5T01cF1c/hqdefault.jpg"" width=""160""/>",5194,109,37,PT44M8S,hd,false,uschina trade war escalates trump pushes russia on ukraine war conclusion more  cbs news 247,trade war escalates between us and china as chinese government announces 125 tariffs on us goods day 2 of the masters underway at augusta national golf club in georgiacbs news 247 is the premier anchored streaming news service from cbs news and stations that is available free to everyone with access to the internet and is the destination for breaking news live events original reporting and storytelling and programs from cbs news and stations top anchors and correspondents working locally nationally and around the globe it is available on more than 30 platforms across mobile desktop and connected tvs for free as well as cbsnewscom and paramount and live in 91 countriessubscribe to the cbs news youtube channel watch cbs news 247 download the cbs news app follow cbs news on instagram like cbs news on facebook follow cbs news on x subscribe to our newsletters try paramount free for video licensing inquiries contact licensingveritonecom,0
rpwTSoXansw,TOO MUCH DISPOSABLE CRAP!!! #skincare #dermreacts,,UCu0V4K1jf8cISkIzpi77p9Q,DermAngelo,2025-04-10T12:43:33Z,[],26,https://i.ytimg.com/vi/rpwTSoXansw/hqdefault.jpg,"<img src=""https://i.ytimg.com/vi/rpwTSoXansw/hqdefault.jpg"" width=""160""/>",133376,10665,234,PT1M23S,hd,false,too much disposable crap skincare dermreacts,,0
u0VpY7PCiTI,Georgina Shows Skills With Ronaldo ü•∂,#football #shorts #cristianoronaldo #ronaldo #georginarodriguez #georgia #commercial #ad #moments #viralvideo #skills,UC6NJVNuibWilqOTeNCWZVIg,Hoanftbl,2025-04-10T20:07:15Z,"['#football', '#shorth']",17,https://i.ytimg.com/vi/u0VpY7PCiTI/hqdefault.jpg,"<img src=""https://i.ytimg.com/vi/u0VpY7PCiTI/hqdefault.jpg"" width=""160""/>",7254742,184891,438,PT13S,hd,true,georgina shows skills with ronaldo ,football shorts cristianoronaldo ronaldo georginarodriguez georgia commercial ad moments viralvideo skills,0
UUM7zHrWQ5U,Dating divorced men‚Ä¶#shorts,,UCS_Jr83ueVLKc6XNLWwqRag,emilywking,2025-04-09T23:04:41Z,[],22,https://i.ytimg.com/vi/UUM7zHrWQ5U/hqdefault.jpg,"<img src=""https://i.ytimg.com/vi/UUM7zHrWQ5U/hqdefault.jpg"" width=""160""/>",784517,41006,4542,PT1M2S,hd,false,dating divorced menshorts,,0
DD3Yl6yX4VY,Talwar,A new group of competitors face the unknown when they are tasked with using odd shapes of mystery steel to forge a blade in their signature style. All four smiths fight to the finish amidst painful injuries and setbacks.,UCoc-xt2J0ZjCw99DJ63mlTQ,Forged in Fire,2017-05-17T07:00:59Z,"['THC', 'History', 'Forged in Fire', 'Talwar']",43,https://i.ytimg.com/vi/DD3Yl6yX4VY/hqdefault.jpg,"<img src=""https://i.ytimg.com/vi/DD3Yl6yX4VY/hqdefault.jpg"" width=""160""/>",,33,,PT42M48S,hd,true,talwar,a new group of competitors face the unknown when they are tasked with using odd shapes of mystery steel to forge a blade in their signature style all four smiths fight to the finish amidst painful injuries and setbacks,1
4rHKwHQUa78,"Jon Stewart & Pete Buttigieg on Tariffs, Trump Chaos and the Democrats‚Äô Future | The Weekly Show","As the economy reels from Trump's sweeping tariffs, Jon is joined by former Transportation Secretary Pete Buttigieg to examine the fallout. Together, they explore what Trump's levies mean for everyday Americans, discuss how to bridge the divide between politicians and the people they serve, and consider how a new generation of leadership might rebuild in the years ahead.

#TheWeeklyShowWithJonStewart #TheWeeklyShow #JonStewart #ComedyCentral 

0:00 - Intro
3:45 - Former Secretary of Transportation Pete Buttigieg Joins 
8:48 - Pete Buttigieg on Trump's Tariffs Policy & Effect on People's Lives
12:58 - The Mechanics of MAGA Thinking
17:27 - Is There Any Logic Behind the Trump Administration's Decisions? 
24:37 - Increasing Efficiency & Effectiveness in the Bureaucratic Process 
32:35 - Finding Common Ground Through Government Regulation
36:58 - Providing Higher Margin of Error for U.S. Citizens
42:51 - What's Needed for Growth in Democratic Party & Washington? 
52:39 - Listening to & Actioning on Public Criticism 
54:41 - Laying Groundwork for a Modern Democratic Vision
1:02:19 - Who Will Lead the Charge of Progress? 
1:04:23 - Breaking Down the Discussion

Subscribe to The Weekly Show: 
https://www.youtube.com/@WeeklyShowPodcast?sub_confirmation=1

Follow The Weekly Show: 
X: https://www.x.com/weeklyshowpod 
Instagram: https://www.instagram.com/weeklyshowpodcast/ 
TikTok: https://www.tiktok.com/@weeklyshowpodcast

Watch full episodes of The Weekly Show: https://www.youtube.com/playlist?list=PLIti_J5fVo4IiJWQluYFpz-DbWOF0mK3o

About The Weekly Show:
On Mondays, Jon Stewart hosts The Daily Show, but on Thursdays he hosts The Weekly Show ‚Äî A podcast featuring in- depth conversations with special guests that explores the biggest threats to our democracy. Also hear from producers and friends of the show who discuss the latest headlines, what‚Äôs on their minds, and more!

The Weekly Show with Jon Stewart releases new episodes every Thursday wherever you get your podcasts & full episode is available on YouTube, Fridays at 9AM ET.",UCQlJ7XpBtiMLKNSd4RAJmRQ,The Weekly Show with Jon Stewart,2025-04-10T18:25:49Z,"['The Weekly Show with Jon Stewart', 'podcast', 'comedy', 'Jon Stewart', 'comedian', 'Jon Stewart host', 'Jon Stewart The Daily Show', 'The Daily Show', 'conversations', 'special guests', 'complex issues', 'issues', 'headlines', 'the latest headlines', 'The Weekly Show episodes', 'episodes', 'full episodes', 'podcast episodes', 'Jon Stewart and Pete Buttigieg', 'Pete Buttigieg', 'Mayor Pete', 'former Secretary of Transportation', 'Trump Chaos', 'Tariffs', 'Trump Tariffs', 'future of Democrats', 'Democrats', 'U.S. economy', 'Donald Trump']",22,https://i.ytimg.com/vi/4rHKwHQUa78/hqdefault.jpg,"<img src=""https://i.ytimg.com/vi/4rHKwHQUa78/hqdefault.jpg"" width=""160""/>",707503,28407,3499,PT1H14M4S,hd,true,jon stewart  pete buttigieg on tariffs trump chaos and the democrats future  the weekly show,as the economy reels from trumps sweeping tariffs jon is joined by former transportation secretary pete buttigieg to examine the fallout together they explore what trumps levies mean for everyday americans discuss how to bridge the divide between politicians and the people they serve and consider how a new generation of leadership might rebuild in the years aheadtheweeklyshowwithjonstewart theweeklyshow jonstewart comedycentral 000  intro345  former secretary of transportation pete buttigieg joins 848  pete buttigieg on trumps tariffs policy  effect on peoples lives1258  the mechanics of maga thinking1727  is there any logic behind the trump administrations decisions 2437  increasing efficiency  effectiveness in the bureaucratic process 3235  finding common ground through government regulation3658  providing higher margin of error for us citizens4251  whats needed for growth in democratic party  washington 5239  listening to  actioning on public criticism 5441  laying groundwork for a modern democratic vision10219  who will lead the charge of progress 10423  breaking down the discussionsubscribe to the weekly show follow the weekly show x  instagram  tiktok watch full episodes of the weekly show about the weekly showon mondays jon stewart hosts the daily show but on thursdays he hosts the weekly show  a podcast featuring in depth conversations with special guests that explores the biggest threats to our democracy also hear from producers and friends of the show who discuss the latest headlines whats on their minds and morethe weekly show with jon stewart releases new episodes every thursday wherever you get your podcasts  full episode is available on youtube fridays at 9am et,0
PDApGQPPfDE,We‚Äôre having a‚Ä¶.,,UC949o8thQEP15p9_VK69Vbw,Connor And Liana,2025-04-10T15:34:40Z,[],24,https://i.ytimg.com/vi/PDApGQPPfDE/hqdefault.jpg,"<img src=""https://i.ytimg.com/vi/PDApGQPPfDE/hqdefault.jpg"" width=""160""/>",1622526,108756,2603,PT47S,hd,false,were having a,,0
HZ26zuDQbAk,are you too busy for God? (don‚Äôt ignore!)üëÄüôè #god #prayer,,UCLbkU1IRos-VlB7fwACr_YQ,Mike Malagies,2025-04-11T02:02:07Z,[],10,https://i.ytimg.com/vi/HZ26zuDQbAk/hqdefault.jpg,"<img src=""https://i.ytimg.com/vi/HZ26zuDQbAk/hqdefault.jpg"" width=""160""/>",236785,34853,2405,PT50S,hd,false,are you too busy for god dont ignore god prayer,,0
sS6YIp5ljxo,ÿ±ÿßÿ≥ÿ™€ïŸàÿÆ€Ü ⁄©€ïÿ±ÿ®€ïŸÑÿß - ÿ≤ÿßÿÆ€Ü,"#Yariga
ÿ±ÿßÿ≥ÿ™€ïŸàÿÆ€Üÿõ €åÿßÿ±€å€å ⁄Ø€ï⁄ï€å 27Ÿâ ÿÆŸàŸÑ€å ÿ¶€ïÿ≥ÿ™€éÿ±€ï⁄©ÿßŸÜ€å ÿπ€éÿ±ÿßŸÇ ŸÑ€ï ŸÜ€éŸàÿßŸÜ ⁄©€ïÿ±ÿ®€ïŸÑÿß - ÿ≤ÿßÿÆ€Ü ÿ®€ï ⁄©€ÜŸÖ€éŸÜÿ™ÿßÿ±€å ‚Äî ÿ¶ÿßÿ±ŸÖÿßŸÜÿ¨ ŸÖÿ≠€ïŸÖ€ïÿØ

ŸÖÿ®ÿßÿ¥ÿ±ÿõ ŸÖÿ®ÿßÿ±ÿßÿ© ŸÖŸÜ ÿßŸÑÿ¨ŸàŸÑÿ© 27 ŸÖŸÜ ÿØŸàÿ±Ÿä ŸÜÿ¨ŸàŸÖ ÿßŸÑÿπÿ±ÿßŸÇ ÿ®ŸäŸÜ ŸÉÿ±ÿ®ŸÑÿßÿ° - ÿ≤ÿßÿÆŸà ÿ®ÿ™ÿπŸÑŸäŸÇ ‚Äî ÿ£ÿ±ŸÖÿßŸÜÿ¨ ŸÖÿ≠ŸÖÿØ

€åÿßÿ±€å⁄Øÿß ŸÅÿ±ÿßŸàÿßŸÜÿ™ÿ±€åŸÜ ÿ™€Ü⁄ï€å Ÿà€ïÿ±ÿ≤ÿ¥€å ⁄©Ÿàÿ±ÿØÿ≥ÿ™ÿßŸÜ€ï",UCx3mHi4DABCcmHb36D0b9Mg,Yariga,2025-04-11T18:58:30Z,"['€åÿßÿ±€å⁄ØÿßŸÜ€éÿ™', 'Yariga', 'Ÿà€ïÿ±ÿ≤ÿ¥', 'ÿ™€ÜŸæ€å Ÿæ€é', '⁄©Ÿàÿ±ÿØÿ≥ÿ™ÿßŸÜ', 'ÿπ€éÿ±ÿßŸÇ', '€åÿßÿ±€å⁄Øÿß ŸÑÿß€å⁄§', '€åÿßÿ±€å⁄Øÿß ÿ≥Ÿæ€Üÿ±ÿ™', 'YarigaNet', 'Yariga.net', 'Yariga Sport']",17,https://i.ytimg.com/vi/sS6YIp5ljxo/hqdefault.jpg,"<img src=""https://i.ytimg.com/vi/sS6YIp5ljxo/hqdefault.jpg"" width=""160""/>",29052,705,8,PT2H24M50S,hd,false,   ,yariga   27                 27                ,0
YO4ULN9X5XU,Better Saffron Than Sorry,Chefs show off by creating unique interpretations of mussels with saffron.,UCdJhbkAT7me3fIRd4ri7ikg,Chopped,2013-06-11T16:35:14Z,[],43,https://i.ytimg.com/vi/YO4ULN9X5XU/hqdefault.jpg,"<img src=""https://i.ytimg.com/vi/YO4ULN9X5XU/hqdefault.jpg"" width=""160""/>",,6,0,PT42M1S,hd,true,better saffron than sorry,chefs show off by creating unique interpretations of mussels with saffron,1
hYsDHH5qk5M,Pack Your Bags and Get Out!,"The conflict in Florida heats up as Jim has a difference of opinion with Dina, Melissa and the twins as the shocking rumor about the twins' family is revealed.  Back in Jersey,  Teresa and Joe feel the weight of their legal situation and plan a getaway to New York City, while their estranged friends Chris and Jacqueline struggle to keep the  spice in their relationship.",UCteuCYX-3MKWMt5FnKfwMtQ,The Real Housewives of New Jersey,2014-10-06T07:00:37Z,"['The', 'Real', 'Housewives', 'of', 'New', 'Jersey']",43,https://i.ytimg.com/vi/hYsDHH5qk5M/hqdefault.jpg,"<img src=""https://i.ytimg.com/vi/hYsDHH5qk5M/hqdefault.jpg"" width=""160""/>",,18,0,PT43M2S,hd,true,pack your bags and get out,the conflict in florida heats up as jim has a difference of opinion with dina melissa and the twins as the shocking rumor about the twins family is revealed  back in jersey  teresa and joe feel the weight of their legal situation and plan a getaway to new york city while their estranged friends chris and jacqueline struggle to keep the  spice in their relationship,1
tzSNW8_5D1E,Nothing like some friendly competition between Rhea Ripley and Cody Rhodes üòÇ,"Where to watch WWE: https://wwe.com/wheretowatch

Watch WWE on Netflix: http://netflix.com/WWE
Watch WWE on Peacock: https://pck.tv/3ZTjVE7
---------------------------------------------------------------------
Follow WWE for more exciting action! - Subscribe to WWE on YouTube: http://wwe.yt/
---------------------------------------------------------------------
Check out WWE.com for news and updates: http://goo.gl/akf0J4
Find the latest Superstar gear at WWEShop: http://shop.wwe.com
---------------------------------------------
Check out these other channels!
---------------------------------------------
WWE Vault: http://www.youtube.com/@WWEVault
WWE Espa√±ol: https://www.youtube.com/@wweespanol
WWE NXT: https://www.youtube.com/@wwenxt
WCW: https://www.youtube.com/@wcw
UpUpDownDown: https://www.youtube.com/upupdowndown
Celtic Warrior Workouts: https://www.youtube.com/@CelticWarriorWorkouts
WWE Music: https://www.youtube.com/wwemusic
------------------------------------
WWE on Social Media
------------------------------------
X: https://twitter.com/wwe
Facebook: https://www.facebook.com/wwe
Instagram: https://www.instagram.com/wwe/
TikTok: https://www.tiktok.com/@wwe
------------------------------------",UCJ5v_MCY6GNUBTO8-D3XoAg,WWE,2025-04-10T19:00:44Z,"['wrestling', 'submission wrestling', 'wwe', 'professional wrestling', 'Combat Sport', 'finishing moves', '‡§ï‡•Å‡§∂‡•ç‡§§‡•Ä', '‡§™‡§π‡§≤‡§µ‡§æ‡§®', '‡§°‡§¨‡•ç‡§≤‡•Ç ‡§°‡§¨‡•ç‡§≤‡•Ç ‡§à', '‡§Æ‡•à‡§ö', '‡§∏‡•Å‡§™‡§∞‡§∏‡•ç‡§ü‡§æ‡§∞', '‡§µ‡•ç‡§Ø‡§æ‡§µ‡§∏‡§æ‡§Ø‡§ø‡§ï ‡§ï‡•Å‡§∂‡•ç‡§§‡•Ä', 'ŸÖÿµÿßÿ±ÿπŸá', 'Rhea Ripley', 'Stephanie McMahon', 'superstars', 'world wrestling entertainment', 'wrestle', 'wrestler', 'wwe 2024', 'Cody Rhodes', ""Stephanie's Places""]",17,https://i.ytimg.com/vi/tzSNW8_5D1E/hqdefault.jpg,"<img src=""https://i.ytimg.com/vi/tzSNW8_5D1E/hqdefault.jpg"" width=""160""/>",167493,9268,137,PT55S,hd,false,nothing like some friendly competition between rhea ripley and cody rhodes ,where to watch wwe watch wwe on netflix watch wwe on peacock follow wwe for more exciting action  subscribe to wwe on youtube check out wwecom for news and updates find the latest superstar gear at wweshop check out these other channelswwe vault wwe espaol wwe nxt wcw upupdowndown celtic warrior workouts wwe music wwe on social mediax facebook instagram tiktok ,0
KO5gSNaYCFU,When you have a friend who reads 1 word a minute #shortsfeed #funny,"If you want to stalk, I ain't gonna stop you:
Instagram: https://www.instagram.com/davidmatthew_
TikTok: https://www.tiktok.com/@davidmatthew_
Threads: https://www.threads.net/@davidmatthew_

For Business Enquiries - artistes@tcpmediagroup.com",UCg8QJlp2X40ZVmKnbT4Tcjw,David Matthew UbanÃÉa,2025-04-09T12:00:36Z,"['comedy', 'funny']",23,https://i.ytimg.com/vi/KO5gSNaYCFU/hqdefault.jpg,"<img src=""https://i.ytimg.com/vi/KO5gSNaYCFU/hqdefault.jpg"" width=""160""/>",2962658,55325,145,PT17S,hd,false,when you have a friend who reads 1 word a minute shortsfeed funny,if you want to stalk i aint gonna stop youinstagram tiktok threads for business enquiries  artistestcpmediagroupcom,0
ANyC63ajzcc,Rules of Engagement - Fountain of Youth,"Expecting a rowdy reunion, Jeff (Patrick Warburton) is disappointed when his old college friends talk about their kids and go to bed early.  Russell (David Spade) finds a way to hit on women even when Timmy (Adhir Kajlich) takes him to volunteer at a nursing home.  Adam (Oliver Hudson) films his pet bird doing tricks and aims for YouTube stardom.",UCYXd7xSaRwUrxPRBLrn_prw,Rules Of Engagement,2013-03-05T08:03:20Z,[],43,https://i.ytimg.com/vi/ANyC63ajzcc/hqdefault.jpg,"<img src=""https://i.ytimg.com/vi/ANyC63ajzcc/hqdefault.jpg"" width=""160""/>",,10,0,PT21M31S,hd,true,rules of engagement  fountain of youth,expecting a rowdy reunion jeff patrick warburton is disappointed when his old college friends talk about their kids and go to bed early  russell david spade finds a way to hit on women even when timmy adhir kajlich takes him to volunteer at a nursing home  adam oliver hudson films his pet bird doing tricks and aims for youtube stardom,1
j7Onb2AbPsU,Ice Cold Killers - Devil's Den,"Baffled by the animal instincts of a cross country killer whose crimes seem to go dormant in winter, authorities ultimately follow his tracks to a den of deceit in the frozen tundra of Alaska.",UCFedoijXg0UctWD-qSBEztA,Ice Cold Killers,2014-01-22T19:24:05Z,[],43,https://i.ytimg.com/vi/j7Onb2AbPsU/hqdefault.jpg,"<img src=""https://i.ytimg.com/vi/j7Onb2AbPsU/hqdefault.jpg"" width=""160""/>",,8,19,PT43M34S,hd,true,ice cold killers  devils den,baffled by the animal instincts of a cross country killer whose crimes seem to go dormant in winter authorities ultimately follow his tracks to a den of deceit in the frozen tundra of alaska,0
_QzbXrS2rK8,"Inside The Walking Dead: ""Start to Finish""","Go inside ""Start to Finish"" with the cast and crew behind The Walking Dead Season 6.",UC_cK0nmWFWWgWejxGvKfQ-A,The Walking Dead,2015-11-30T19:59:37Z,"['The Walking Dead', 'horror', 'zombies', 'action', 'zombie bite', 'Golden Globe winner', 'zombie apocalypse', 'apocalypse', 'undead', 'CDC', 'explosion', 'cannibalism', 'Talking Dead', 'Fear the Walking Dead', 'Rick Grimes', 'Andrew Lincoln']",43,https://i.ytimg.com/vi/_QzbXrS2rK8/hqdefault.jpg,"<img src=""https://i.ytimg.com/vi/_QzbXrS2rK8/hqdefault.jpg"" width=""160""/>",,25,0,PT3M55S,hd,true,inside the walking dead start to finish,go inside start to finish with the cast and crew behind the walking dead season 6,1
n_-OSJFMb-A,Come here then ignoring himüòÅ,,UC1kdzK80AAmjT-BeGgT92sw,Joker Pranks,2025-04-10T13:51:45Z,[],22,https://i.ytimg.com/vi/n_-OSJFMb-A/hqdefault.jpg,"<img src=""https://i.ytimg.com/vi/n_-OSJFMb-A/hqdefault.jpg"" width=""160""/>",502501,12222,154,PT31S,hd,false,come here then ignoring him,,0
kN1wquAnVWM,"Karoline Leavitt holds briefing as Trump, China trade war escalates","White House press secretary Karoline Leavitt speaks to the press about tariff policy toward China, potential trade deals, President Trump's upcoming physical and illegal immigrants self-deporting from the U.S. #foxnews #tariffs #china #trump 

Subscribe to Fox News! https://bit.ly/2vBUvAS
Watch more Fox News Video: http://video.foxnews.com
Watch Fox News Channel Live: http://www.foxnewsgo.com/

FOX News Channel (FNC) is a 24-hour all-encompassing news service delivering breaking news as well as political and business news. The number one network in cable, FNC has been the most-watched television news channel for 18 consecutive years. According to a 2020 Brand Keys Consumer Loyalty Engagement Index report, FOX News is the top brand in the country for morning and evening news coverage. A 2019 Suffolk University poll named FOX News as the most trusted source for television news or commentary, while a 2019 Brand Keys Emotion Engagement Analysis survey found that FOX News was the most trusted cable news brand. A 2017 Gallup/Knight Foundation survey also found that among Americans who could name an objective news source, FOX News was the top-cited outlet. Owned by FOX Corporation, FNC is available in nearly 90 million homes and dominates the cable news landscape, routinely notching the top ten programs in the genre.

Watch full episodes of your favorite shows
The Five: https://www.foxnews.com/video/shows/the-five
Special Report with Bret Baier: https://www.foxnews.com/video/shows/special-report
Jesse Watters Primetime: https://www.foxnews.com/video/shows/jesse-watters-primetime
Hannity: https://www.foxnews.com/video/shows/hannity
The Ingraham Angle: https://www.foxnews.com/video/shows/ingraham-angle
Gutfeld!: https://www.foxnews.com/video/shows/gutfeld
Fox News @ Night: https://www.foxnews.com/video/shows/fox-news-night

Follow Fox News on Facebook: https://www.facebook.com/FoxNews/
Follow Fox News on Twitter: https://twitter.com/FoxNews/
Follow Fox News on Instagram: https://www.instagram.com/foxnews/",UCXIJgqnII2ZOINSWNOGFThA,Fox News,2025-04-11T17:42:00Z,"['Fox News Channel', 'FNC', 'Fox News', 'News']",25,https://i.ytimg.com/vi/kN1wquAnVWM/hqdefault.jpg,"<img src=""https://i.ytimg.com/vi/kN1wquAnVWM/hqdefault.jpg"" width=""160""/>",156943,4789,657,PT21M46S,hd,false,karoline leavitt holds briefing as trump china trade war escalates,white house press secretary karoline leavitt speaks to the press about tariff policy toward china potential trade deals president trumps upcoming physical and illegal immigrants selfdeporting from the us foxnews tariffs china trump subscribe to fox news watch more fox news video watch fox news channel live fox news channel fnc is a 24hour allencompassing news service delivering breaking news as well as political and business news the number one network in cable fnc has been the mostwatched television news channel for 18 consecutive years according to a 2020 brand keys consumer loyalty engagement index report fox news is the top brand in the country for morning and evening news coverage a 2019 suffolk university poll named fox news as the most trusted source for television news or commentary while a 2019 brand keys emotion engagement analysis survey found that fox news was the most trusted cable news brand a 2017 gallupknight foundation survey also found that among americans who could name an objective news source fox news was the topcited outlet owned by fox corporation fnc is available in nearly 90 million homes and dominates the cable news landscape routinely notching the top ten programs in the genrewatch full episodes of your favorite showsthe five special report with bret baier jesse watters primetime hannity the ingraham angle gutfeld fox news  night follow fox news on facebook follow fox news on twitter follow fox news on instagram ,0
xVMOnx6CLo8,The World's Fittest High School ($95k/ year),"Welcome to IMG Academy 


Get $150 OFF Any IMG Academy camps W/ CODE: WTENNYSON150
https://www.imgacademy.com/

Download the MacroFactor App- CODE ""WILL"" for 2 week free trial! 
http://onelink.to/mfwill

SHOP GYMSHARK ü¶à 10% OFF WITH CODE ""WILL10""- 
https://gymshark.com

GET MY COOKBOOK! https://www.stripdown.ca/ 

INSTAGRAM- https://www.instagram.com/willtenny/



Topics include: fitness, worlds fittest high school, diet, ncaa, bodybuilding, prep school, sports

The World's Fittest High School 

#fitness #gym #school",UCB2wtYpfbCpYDc5TeTwuqFA,Will Tennyson,2025-04-10T14:01:30Z,"['the worlds fittest high school', 'high school', 'img academy', 'ncaa', 'prep school', 'img academy football', 'img academy sports', 'tennis', 'baseball', 'football', 'track', 'diet', 'fitness', 'nutrition', 'vlog']",22,https://i.ytimg.com/vi/xVMOnx6CLo8/hqdefault.jpg,"<img src=""https://i.ytimg.com/vi/xVMOnx6CLo8/hqdefault.jpg"" width=""160""/>",1095675,41682,2581,PT27M47S,hd,false,the worlds fittest high school 95k year,welcome to img academy get 150 off any img academy camps w code wtennyson150download the macrofactor app code will for 2 week free trial shop gymshark  10 off with code will10 get my cookbook  instagram topics include fitness worlds fittest high school diet ncaa bodybuilding prep school sportsthe worlds fittest high school fitness gym school,0
ipkaCBAtsKU,I Do Again,"Kimberly wants a sexy gown that will wow her preacher fianc, but will also please her conservative Mom. Tracy is on the hunt for a fun, flirty gown for her upcoming Vegas wedding. Second time bride Isabel selects a dress without her daughters approval.",UCFZJSyB9WbmUCQcrNoF0qfQ,Say Yes to the Dress: Atlanta,2013-04-13T08:02:23Z,[],43,https://i.ytimg.com/vi/ipkaCBAtsKU/hqdefault.jpg,"<img src=""https://i.ytimg.com/vi/ipkaCBAtsKU/hqdefault.jpg"" width=""160""/>",,1,0,PT21M3S,hd,true,i do again,kimberly wants a sexy gown that will wow her preacher fianc but will also please her conservative mom tracy is on the hunt for a fun flirty gown for her upcoming vegas wedding second time bride isabel selects a dress without her daughters approval,1
ZeFH-fIdT1o,Last Call,"A traumatized man calls 911 after seeing his friend shot and killed right before his eyes. With a surprisingly long list of suspects, investigators must sort through layers of lies, jealousy, and mistrust, until they finally uncover the shooter.",UCqy7mQMndoOunnnJx4xiEQg,Murder Calls,2018-07-13T12:51:57Z,[],43,https://i.ytimg.com/vi/ZeFH-fIdT1o/hqdefault.jpg,"<img src=""https://i.ytimg.com/vi/ZeFH-fIdT1o/hqdefault.jpg"" width=""160""/>",,1,0,PT42M34S,hd,true,last call,a traumatized man calls 911 after seeing his friend shot and killed right before his eyes with a surprisingly long list of suspects investigators must sort through layers of lies jealousy and mistrust until they finally uncover the shooter,1
DNWB4sNTla8,BREAKING: SUPREME COURT HANDS 9-0 LOSS TO TRUMP!!!,"Support The Show On Patreon!:
https://www.patreon.com/seculartalk

Subscribe to Krystal Kyle & Friends On Substack!:
https://krystalkyleandfriends.substack.com

Follow Kyle on Twitter:
http://www.twitter.com/kylekulinski

""The first time I ever really listened to Kyle Kulinski‚Äôs show was in the back of a cab last summer. The driver had his phone hooked up through the stereo and was pumping out an episode through the car speakers ‚Äî loudly, as if looking to convert a captive audience.

‚ÄúDo you like Kyle Kulinski?‚Äù

The driver, Ahmed, was a recent immigrant and apparently a die-hard fan of Secular Talk, the political talk show that Kulinski broadcasts on YouTube. I told him, yes, in fact. I do like Kulinski, had come across his show several years ago, and, all things considered, he seemed pretty good.

‚ÄúHe understands what we‚Äôre up against,‚Äù Ahmed said. ‚ÄúLike Bernie.‚Äù

But I was surprised to hear Kulinski‚Äôs name mentioned in the same breath as Bernie Sanders, particularly with such adoration. Because what I did remember about Kulinski‚Äôs show struck me as mostly capital-P ‚Äúprogressive‚Äù takes on the news ‚Äî the left wing of the Netroots crowd more than the democratic socialism Sanders has popularized.

It‚Äôs an impression that wasn‚Äôt entirely incorrect.

‚ÄúI have no time for philosophical, airy bullshit,‚Äù Kulinski tells me from his home in Westchester, New York. ‚ÄúI don‚Äôt want to hear about Lenin. I don‚Äôt want to hear about Marx. I just want a super plainspoken, straightforward agenda with a straightforward way of selling it.‚Äù

With over 800,000 subscribers and nearly 670 million total views on YouTube, selling a progressive agenda is clearly something Kulinski knows how to do ‚Äî even Democracy Now, the long-standing flagship of progressive media, cannot match his reach on the platform. Chapo Trap House can certainly boast a wildly devoted fan base (and a not insignificant degree of media influence), but their audience is roughly half the size of Kulinski‚Äôs.

While Secular Talk might be more likely to be looped in with the progressive networks around Air America and Pacifica alums like Sam Seder than the more resolutely socialist world, Kulinski‚Äôs fiery rhetoric, razor-sharp class instincts, and knack for withering takedowns sets him apart from his peers. Judging by his rhetoric alone, he‚Äôs closer to a Eugene Debs than a Chris Hayes.

But unlike Hayes, Amy Goodman, or his friend Cenk Uygur of The Young Turks ‚Äî who began airing Secular Talk on his web network seven years ago ‚Äî the thirty-two-year-old Kulinski is virtually invisible in the mainstream media. Despite his enormous fan base, his show has never once been mentioned in the obligatory trend pieces on ‚Äúthe Millennial Left‚Äù pumped out by the prestige media. Nor has Kulinski‚Äôs name ever popped up at all in the New York Times, Vox, the New Yorker, New York Magazine, or the Washington Post, despite his leading role in cofounding Justice Democrats, the organization widely credited with sweeping Alexandria Ocasio-Cortez and the rest of ‚Äúthe Squad‚Äù to power.

Just last week, his Wikipedia page was deleted. The reason? ‚ÄúThere is very simply no [reliable source] coverage of this person,‚Äù according to one moderator. In new media, he‚Äôs king ‚Äî the Sean Hannity of the Berniecrat left. In old media, he‚Äôs nobody.

I suspect there are a few reasons for that. There is nothing ‚Äúcool‚Äù about Kulinski‚Äôs show. (As a friend put it, ‚Äú‚ÄòWelcome to Secular Talk‚Äô sounds like something you‚Äôd hear on Egyptian radio.‚Äù) His no-nonsense social-democratic politics won‚Äôt get him much cred with the Full Communism crowd. He records his show not in Brooklyn or Los Angeles, but in a studio he built himself in his modest Westchester home. His hair is too groomed and his taste in clothes too preppy to qualify as ‚ÄúDirtbag Left.‚Äù Nor has he ever attended an n+1 release party. ‚ÄúNot only have I not attended one,‚Äù he says, ‚ÄúI have no idea what that means.‚Äù

And yet he‚Äôs astonishingly plugged-in for a young man in the suburbs. Wondering how Sanders ended up on the Joe Rogan Experience? Kulinski, a frequent guest on Rogan‚Äôs wildly popular show, introduced them. ‚ÄúYou make the most sense to me,‚Äù Rogan told Kulinski on a recent episode. ‚ÄúYou‚Äôre a normal person.‚Äù

Much like Sanders himself, Kulinski‚Äôs show has a massive audience that just doesn‚Äôt compute with our media‚Äôs understanding of ‚Äúwhat the kids want‚Äù or even ‚Äúwhat the left-wing kids want.‚Äù

It‚Äôs probably for the best ‚Äî the very woke and very WASP-ish decorum haunting much of the media world is nowhere to be found in Secular Talk. ‚ÄúCorporate Democrats over-focus on identity as a trick to divert you from the issues that unite us all ‚Äî class issues,‚Äù he said on a recent episode.

Read More Here!:
https://jacobinmag.com/2020/03/kyle-kulinski-bernie-bros-secular-talk-joe-rogan-youtube

#KyleKulinski #SecularTalk #news #politics #youtube #biden #economics #left #progressive #viral",UCldfgbzNILYZA4dmDt4Cd6A,Secular Talk,2025-04-11T00:49:10Z,"['news', 'politics', 'kyle kulinski', 'kyle kulinski show', 'krystal ball', 'progressive', 'liberal', 'left', 'jimmy dore', 'cenk uygur', 'ana kasparian', 'rational national', 'humanist report', 'david doel', 'krystal kyle & friends', 'bill maher', 'joe rogan', 'tyt', 'the young turks', 'breaking points', 'saagar enjeti', 'glenn greenwald', 'vaush', 'hasan piker', 'bernie sanders', 'aoc', 'the squad', 'current events', 'biden']",25,https://i.ytimg.com/vi/DNWB4sNTla8/hqdefault.jpg,"<img src=""https://i.ytimg.com/vi/DNWB4sNTla8/hqdefault.jpg"" width=""160""/>",283650,20697,2888,PT11M5S,hd,false,breaking supreme court hands 90 loss to trump,support the show on patreonsubscribe to krystal kyle  friends on substackfollow kyle on twitterthe first time i ever really listened to kyle kulinskis show was in the back of a cab last summer the driver had his phone hooked up through the stereo and was pumping out an episode through the car speakers  loudly as if looking to convert a captive audiencedo you like kyle kulinskithe driver ahmed was a recent immigrant and apparently a diehard fan of secular talk the political talk show that kulinski broadcasts on youtube i told him yes in fact i do like kulinski had come across his show several years ago and all things considered he seemed pretty goodhe understands what were up against ahmed said like berniebut i was surprised to hear kulinskis name mentioned in the same breath as bernie sanders particularly with such adoration because what i did remember about kulinskis show struck me as mostly capitalp progressive takes on the news  the left wing of the netroots crowd more than the democratic socialism sanders has popularizedits an impression that wasnt entirely incorrecti have no time for philosophical airy bullshit kulinski tells me from his home in westchester new york i dont want to hear about lenin i dont want to hear about marx i just want a super plainspoken straightforward agenda with a straightforward way of selling itwith over 800000 subscribers and nearly 670 million total views on youtube selling a progressive agenda is clearly something kulinski knows how to do  even democracy now the longstanding flagship of progressive media cannot match his reach on the platform chapo trap house can certainly boast a wildly devoted fan base and a not insignificant degree of media influence but their audience is roughly half the size of kulinskiswhile secular talk might be more likely to be looped in with the progressive networks around air america and pacifica alums like sam seder than the more resolutely socialist world kulinskis fiery rhetoric razorsharp class instincts and knack for withering takedowns sets him apart from his peers judging by his rhetoric alone hes closer to a eugene debs than a chris hayesbut unlike hayes amy goodman or his friend cenk uygur of the young turks  who began airing secular talk on his web network seven years ago  the thirtytwoyearold kulinski is virtually invisible in the mainstream media despite his enormous fan base his show has never once been mentioned in the obligatory trend pieces on the millennial left pumped out by the prestige media nor has kulinskis name ever popped up at all in the new york times vox the new yorker new york magazine or the washington post despite his leading role in cofounding justice democrats the organization widely credited with sweeping alexandria ocasiocortez and the rest of the squad to powerjust last week his wikipedia page was deleted the reason there is very simply no reliable source coverage of this person according to one moderator in new media hes king  the sean hannity of the berniecrat left in old media hes nobodyi suspect there are a few reasons for that there is nothing cool about kulinskis show as a friend put it welcome to secular talk sounds like something youd hear on egyptian radio his nononsense socialdemocratic politics wont get him much cred with the full communism crowd he records his show not in brooklyn or los angeles but in a studio he built himself in his modest westchester home his hair is too groomed and his taste in clothes too preppy to qualify as dirtbag left nor has he ever attended an n1 release party not only have i not attended one he says i have no idea what that meansand yet hes astonishingly pluggedin for a young man in the suburbs wondering how sanders ended up on the joe rogan experience kulinski a frequent guest on rogans wildly popular show introduced them you make the most sense to me rogan told kulinski on a recent episode youre a normal personmuch like sanders himself kulinskis show has a massive audience that just doesnt compute with our medias understanding of what the kids want or even what the leftwing kids wantits probably for the best  the very woke and very waspish decorum haunting much of the media world is nowhere to be found in secular talk corporate democrats overfocus on identity as a trick to divert you from the issues that unite us all  class issues he said on a recent episoderead more herekylekulinski seculartalk news politics youtube biden economics left progressive viral,0
gk2s3IXF_38,It just doesn‚Äôt sit right with me‚Ä¶.,,UCKX8qlNu2v4m0bCkhd7jicA,Haley Kalil,2025-04-10T18:42:18Z,[],22,https://i.ytimg.com/vi/gk2s3IXF_38/hqdefault.jpg,"<img src=""https://i.ytimg.com/vi/gk2s3IXF_38/hqdefault.jpg"" width=""160""/>",605737,34879,133,PT13S,hd,false,it just doesnt sit right with me,,0
BjoJtd3-vew,"Trump Pauses His Trade War | ""BE COOL!"" | China Threatens To Ban Hollywood Movies","The president who said his policies would never change changed his tariff policy today, after telling the nation to chill out, but not before China struck back with a threat to deny American filmmakers access to their lucrative market.
#Colbert #Comedy #Monologue #PresidentTrump #Tariffs #WallStreet #StockMarket #BECOOL #China #Hollywood #Movies #StephenColbert #TheLateShow

Subscribe To ""The Late Show"" Channel: http://bit.ly/ColbertYouTube

Watch full episodes of ""The Late Show"": http://bit.ly/1Puei40
Listen to ""The Late Show Pod Show"" podcast: https://link.chtbl.com/Awagtx95?sid=yt
Like ""The Late Show"" on Facebook: http://on.fb.me/1df139Y
Follow ""The Late Show"" on X: http://bit.ly/1dMzZzG
Follow ""The Late Show"" on Instagram: http://bit.ly/29wfREj

Watch The Late Show with Stephen Colbert weeknights at 11:35 PM ET/10:35 PM CT. Only on CBS.

---
Stephen Colbert brings his signature satire and comedy to THE LATE SHOW with STEPHEN COLBERT, the #1 show in late night, where he talks with an eclectic mix of guests about what is new and relevant in the worlds of politics, entertainment, business, music, technology and more. Featuring bandleader Louis Cato and ‚ÄúTHE LATE SHOW band,‚Äù the Peabody Award-winning and Emmy Award-nominated show is broadcast from the historic Ed Sullivan Theater. Stephen Colbert took over as host, executive producer and writer of THE LATE SHOW on Sept. 8, 2015.",UCMtFAi84ehTSYSE9XoHefig,The Late Show with Stephen Colbert,2025-04-10T03:50:00Z,"['The Late Show', 'Late Show', 'Stephen Colbert', 'Steven Colbert', 'Colbert', 'celebrity', 'celeb', 'celebrities', 'late night', 'talk show', 'comedian', 'comedy', 'CBS', 'joke', 'jokes', 'funny', 'funny video', 'funny videos', 'humor', 'hollywood', 'famous']",24,https://i.ytimg.com/vi/BjoJtd3-vew/hqdefault.jpg,"<img src=""https://i.ytimg.com/vi/BjoJtd3-vew/hqdefault.jpg"" width=""160""/>",2725774,72395,5628,PT11M51S,hd,false,trump pauses his trade war  be cool  china threatens to ban hollywood movies,the president who said his policies would never change changed his tariff policy today after telling the nation to chill out but not before china struck back with a threat to deny american filmmakers access to their lucrative marketcolbert comedy monologue presidenttrump tariffs wallstreet stockmarket becool china hollywood movies stephencolbert thelateshowsubscribe to the late show channel watch full episodes of the late show listen to the late show pod show podcast like the late show on facebook follow the late show on x follow the late show on instagram watch the late show with stephen colbert weeknights at 1135 pm et1035 pm ct only on cbsstephen colbert brings his signature satire and comedy to the late show with stephen colbert the 1 show in late night where he talks with an eclectic mix of guests about what is new and relevant in the worlds of politics entertainment business music technology and more featuring bandleader louis cato and the late show band the peabody awardwinning and emmy awardnominated show is broadcast from the historic ed sullivan theater stephen colbert took over as host executive producer and writer of the late show on sept 8 2015,0
jH7UzS8sYXo,Since WHEN Does KFC Have NACHOS? üíÄ,"since when do KFC make nachos??? #foodcombo #tastetest #viralfood

My IG: @sarahjanebetts
Kane‚Äôs IG: @kane.foster

Business Inquiries: sarahbetts@select.co",UCBLzhBiZVCy0MDyhv6rceJQ,Sarah Betts,2025-04-10T11:01:07Z,"['sarah', 'betts', 'kane', 'foster', 'best', 'friend', 'bestfriends', 'kfc', 'nachos', 'taste', 'test', 'zinger']",24,https://i.ytimg.com/vi/jH7UzS8sYXo/hqdefault.jpg,"<img src=""https://i.ytimg.com/vi/jH7UzS8sYXo/hqdefault.jpg"" width=""160""/>",358640,22129,84,PT41S,hd,false,since when does kfc have nachos ,since when do kfc make nachos foodcombo tastetest viralfoodmy ig sarahjanebettskanes ig kanefosterbusiness inquiries sarahbettsselectco,0
ShIR0pE_WG8,Out of the Past,"When teen Sherita Williams meets an untimely death after a quick trip to the nail salon everyone in Pennsauken, New Jersey is shocked. Police dig up a cast of potential villains but when the true killer appears, they find he's in a class all his own.",UCb7v8ptR-MoO4aE3PqsrJlA,Nightmare Next Door,2013-04-24T09:10:05Z,[],43,https://i.ytimg.com/vi/ShIR0pE_WG8/hqdefault.jpg,"<img src=""https://i.ytimg.com/vi/ShIR0pE_WG8/hqdefault.jpg"" width=""160""/>",,4,0,PT43M34S,hd,true,out of the past,when teen sherita williams meets an untimely death after a quick trip to the nail salon everyone in pennsauken new jersey is shocked police dig up a cast of potential villains but when the true killer appears they find hes in a class all his own,1
_ZSlx3KgvzA,Pretty fire ngl #islamicreminder #islamicvideo #muslimmemes #islam #hijab,,UC-xtseWq_eDKvSHXpG6yXzQ,Browniesaadi,2025-04-10T11:15:32Z,[],24,https://i.ytimg.com/vi/_ZSlx3KgvzA/hqdefault.jpg,"<img src=""https://i.ytimg.com/vi/_ZSlx3KgvzA/hqdefault.jpg"" width=""160""/>",490472,12452,227,PT17S,hd,false,pretty fire ngl islamicreminder islamicvideo muslimmemes islam hijab,,0
h3xaGiaSN9A,I met zendaya üòç,"https://hoo.be/ampwrld
Follow The Amp World Squad!

Brent Rivera - @brentrivera 
Lexi Rivera  - @AlexaRivera  
Jeremy Hutchins - @JeremyHutchins   
Andrew Davila - @andrewdavila6696   
Dom Brack -  @DominicBrack 
Pierson Wodzyinski - @pierson 
Liv Swearingen - @livswearingen 
Ashten Rea - @ashtenrea 
Ashton Hero - @ashtonhero 

#AmpWorld",UCDP7DZOgj8VTyhyVNup83QQ,Amp World,2025-04-10T18:52:26Z,"['Amp World', 'Amp World News', 'Brent Rivera', 'Lexi Rivera', 'Ben Azelart', 'Dom Brack', 'Andrew Davila', 'Lexi Hensler', 'Jeremy Hutchins', 'Pierson Wodzynski']",24,https://i.ytimg.com/vi/h3xaGiaSN9A/hqdefault.jpg,"<img src=""https://i.ytimg.com/vi/h3xaGiaSN9A/hqdefault.jpg"" width=""160""/>",964471,23048,840,PT9S,hd,false,i met zendaya ,follow the amp world squadbrent rivera  brentrivera lexi rivera   alexarivera  jeremy hutchins  jeremyhutchins   andrew davila  andrewdavila6696   dom brack   dominicbrack pierson wodzyinski  pierson liv swearingen  livswearingen ashten rea  ashtenrea ashton hero  ashtonhero ampworld,0
9zPMlQgVHss,Deadly Nightshade,"Barry ""The Flash"" Allen (JOHN WESLEY SHIPP) teams up with Dr. Desmond ""Nightshade"" Powell, (JASON BERNARD) combining their super powers to defeat an insane vigilante known only as ""Deadly Nightshade"" (RICHARD BURGI).",UCy6ynCJKP8yOh6V05mQsi4Q,The Flash,2013-08-20T05:20:38Z,"['The', 'Flash']",43,https://i.ytimg.com/vi/9zPMlQgVHss/hqdefault.jpg,"<img src=""https://i.ytimg.com/vi/9zPMlQgVHss/hqdefault.jpg"" width=""160""/>",,12,0,PT47M26S,sd,true,deadly nightshade,barry the flash allen john wesley shipp teams up with dr desmond nightshade powell jason bernard combining their super powers to defeat an insane vigilante known only as deadly nightshade richard burgi,1
yl_Bn5jKIpg,Did I just make the cleanest transition ever?!,,UCVj2aIJYrMrHea7KcFDkPzA,Nick Wilkins,2025-04-10T15:55:27Z,[],22,https://i.ytimg.com/vi/yl_Bn5jKIpg/hqdefault.jpg,"<img src=""https://i.ytimg.com/vi/yl_Bn5jKIpg/hqdefault.jpg"" width=""160""/>",4605980,125714,1297,PT10S,hd,false,did i just make the cleanest transition ever,,0
NPmNM6RbGFc,What should I do now #relatablestories #comedy #funnymemes,"This is a funny meme mixed with storytelling style video about how I got my phone stuck in the mirror because I accidentally poured apple juice on it and now I can‚Äôt take it off, the ending is genuinely funny!

#storytelling #funny #relatable #shorts #memes",UC1EALOoYjviTgAakJ-phJFg,Tyler Vitelli,2025-04-10T12:56:50Z,[],24,https://i.ytimg.com/vi/NPmNM6RbGFc/hqdefault.jpg,"<img src=""https://i.ytimg.com/vi/NPmNM6RbGFc/hqdefault.jpg"" width=""160""/>",3193531,97342,8072,PT12S,hd,false,what should i do now relatablestories comedy funnymemes,this is a funny meme mixed with storytelling style video about how i got my phone stuck in the mirror because i accidentally poured apple juice on it and now i cant take it off the ending is genuinely funnystorytelling funny relatable shorts memes,0
xydbEjSp4FU,Everyone Wants to Be a Writer,"Eve and Kaye team up to write a TV script, and wind up begging Roger for ideas, snapping at each other, and trying to retrieve their script, which they plagiarized, after Roger submits to it for them.",UC97gPavbJtiaRXbpLlQISsw,The Mothers-in-Law,2015-03-27T02:14:17Z,[],43,https://i.ytimg.com/vi/xydbEjSp4FU/hqdefault.jpg,"<img src=""https://i.ytimg.com/vi/xydbEjSp4FU/hqdefault.jpg"" width=""160""/>",,2,0,PT25M8S,sd,true,everyone wants to be a writer,eve and kaye team up to write a tv script and wind up begging roger for ideas snapping at each other and trying to retrieve their script which they plagiarized after roger submits to it for them,1
0GuJVi-KZ3A,Taime Downe/Mark Slaughter/Andy Biersack,"Mark Slaughter, Faster Pussycat's Taime Downe, and Black Veil Brides' Andy Biersack join the boys for a rock n' roll power hour. Judas Priest founding member K.K. Downing dials up the Metal Modem. Guest musician Mike Orlando.",UC9N2yjIVXzPl_bcHio6LsdA,That Metal Show,2015-05-04T07:00:08Z,[],43,https://i.ytimg.com/vi/0GuJVi-KZ3A/hqdefault.jpg,"<img src=""https://i.ytimg.com/vi/0GuJVi-KZ3A/hqdefault.jpg"" width=""160""/>",,12,0,PT44M27S,hd,true,taime downemark slaughterandy biersack,mark slaughter faster pussycats taime downe and black veil brides andy biersack join the boys for a rock n roll power hour judas priest founding member kk downing dials up the metal modem guest musician mike orlando,1
